[{
        "name": "Afghanistan",
        "dial_code": "+93",
        "code": "AF",
        "local_format": "0xx-xxxxxxx"
    },
    {
        "name": "Aland Islands",
        "dial_code": "+358",
        "code": "AX",
        "local_format": "0xx xxxxx"
    },
    {
        "name": "Albania",
        "dial_code": "+355",
        "code": "AL",
        "local_format": "0xx xxxxxxx"
    },
    {
        "name": "Algeria",
        "dial_code": "+213",
        "code": "DZ",
        "local_format": "0xx xx xx xx"
    },
    {
        "name": "American Samoa",
        "dial_code": "+1 684",
        "code": "AS",
        "local_format": "xxx-xxxx"
    },
    {
        "name": "Andorra",
        "dial_code": "+376",
        "code": "AD",
        "local_format": "x xxx xxx"
    },
    {
        "name": "Angola",
        "dial_code": "+244",
        "code": "AO",
        "local_format": "0xx xxx xxxx"
    },
    {
        "name": "Anguilla",
        "dial_code": "+1 264",
        "code": "AI",
        "local_format": "xxx-xxxx"
    },
    {
        "name": "Antarctica",
        "dial_code": "+672",
        "code": "AQ",
        "local_format": "xx xxx xxxx"
    },
    {
        "name": "Antigua and Barbuda",
        "dial_code": "+1268",
        "code": "AG",
        "local_format": "xxx-xxxx"
    },
    {
        "name": "Argentina",
        "dial_code": "+54",
        "code": "AR",
        "local_format": "0xx xxxxxxxx"
    },
    {
        "name": "Armenia",
        "dial_code": "+374",
        "code": "AM",
        "local_format": "0xx xxx xxxx"
    },
    {
        "name": "Aruba",
        "dial_code": "+297",
        "code": "AW",
        "local_format": "xxx-xxxx"
    },
    {
        "name": "Australia",
        "dial_code": "+61",
        "code": "AU",
        "local_format": "0x xxx xxx xxx"
    },
    {
        "name": "Austria",
        "dial_code": "+43",
        "code": "AT",
        "local_format": "0xx xxx xx xx"
    },
    {
        "name": "Azerbaijan",
        "dial_code": "+994",
        "code": "AZ",
        "local_format": "0xx xxx xxxx"
    },
    {
        "name": "Bahamas",
        "dial_code": "+1 242",
        "code": "BS",
        "local_format": "xxx-xxxx"
    },
    {
        "name": "Bahrain",
        "dial_code": "+973",
        "code": "BH",
        "local_format": "xxx-xxxx"
    },
    {
        "name": "Bangladesh",
        "dial_code": "+880",
        "code": "BD",
        "local_format": "0x xxxx xxxx"
    },
    {
        "name": "Barbados",
        "dial_code": "+1 246",
        "code": "BB",
        "local_format": "xxx-xxxx"
    },
    {
        "name": "Belarus",
        "dial_code": "+375",
        "code": "BY",
        "local_format": "0xx xxxxxxxx"
    },
    {
        "name": "Belgium",
        "dial_code": "+32",
        "code": "BE",
        "local_format": "0xx xx xx xx"
    },
    {
        "name": "Belize",
        "dial_code": "+501",
        "code": "BZ",
        "local_format": "xxx-xxxx"
    },
    {
        "name": "Benin",
        "dial_code": "+229",
        "code": "BJ",
        "local_format": "xx xx xx xx"
    },
    {
        "name": "Bermuda",
        "dial_code": "+1 441",
        "code": "BM",
        "local_format": "xxx-xxxx"
    },
    {
        "name": "Bhutan",
        "dial_code": "+975",
        "code": "BT",
        "local_format": "0xx xxx xxxx"
    },
    {
        "name": "Bolivia, Plurinational State of",
        "dial_code": "+591",
        "code": "BO",
        "local_format": "0xx xxx xxxx"
    },
    {
        "name": "Bosnia and Herzegovina",
        "dial_code": "+387",
        "code": "BA",
        "local_format": "0xx xxx xxx"
    },
    {
        "name": "Botswana",
        "dial_code": "+267",
        "code": "BW",
        "local_format": "0xx xxx xxxx"
    },
    {
        "name": "Brazil",
        "dial_code": "+55",
        "code": "BR",
        "local_format": "(0xx) xxxxx-xxxx"
    },
    {
        "name": "British Indian Ocean Territory",
        "dial_code": "+246",
        "code": "IO",
        "local_format": "xx xxxx"
    },
    {
        "name": "Brunei Darussalam",
        "dial_code": "+673",
        "code": "BN",
        "local_format": "x xxxx"
    },
    {
        "name": "Bulgaria",
        "dial_code": "+359",
        "code": "BG",
        "local_format": "0xx xxx xx xx"
    },
    {
        "name": "Burkina Faso",
        "dial_code": "+226",
        "code": "BF",
        "local_format": "0xx xx xx xx"
    },
    {
        "name": "Burundi",
        "dial_code": "+257",
        "code": "BI",
        "local_format": "0xx xxxxx"
    },
    {
        "name": "Cambodia",
        "dial_code": "+855",
        "code": "KH",
        "local_format": "0xx xxx xxxx"
    },
    {
        "name": "Cameroon",
        "dial_code": "+237",
        "code": "CM",
        "local_format": "0xx xx xx xx"
    },
    {
        "name": "Canada",
        "dial_code": "+1",
        "code": "CA",
        "local_format": "(xxx) xxx-xxxx"
    },
    {
        "name": "Cape Verde",
        "dial_code": "+238",
        "code": "CV",
        "local_format": "9 xx xx xx"
    },
    {
        "name": "Cayman Islands",
        "dial_code": "+345",
        "code": "KY",
        "local_format": "xxx-xxxx"
    },
    {
        "name": "Central African Republic",
        "dial_code": "+236",
        "code": "CF",
        "local_format": "0xx xx xx xx"
    },
    {
        "name": "Chad",
        "dial_code": "+235",
        "code": "TD",
        "local_format": "0xx xx xx xx"
    },
    {
        "name": "Chile",
        "dial_code": "+56",
        "code": "CL",
        "local_format": "0xx xxxxxxx"
    },
    {
        "name": "China",
        "dial_code": "+86",
        "code": "CN",
        "local_format": "0xx xxxx xxxx"
    },
    {
        "name": "Christmas Island",
        "dial_code": "+61",
        "code": "CX",
        "local_format": "0x xxx xxx xxx"
    },
    {
        "name": "Cocos (Keeling) Islands",
        "dial_code": "+61",
        "code": "CC",
        "local_format": "0x xxx xxx xxx"
    },
    {
        "name": "Colombia",
        "dial_code": "+57",
        "code": "CO",
        "local_format": "0xx xxx xxxx"
    },
    {
        "name": "Comoros",
        "dial_code": "+269",
        "code": "KM",
        "local_format": "xx xx xx xx"
    },
    {
        "name": "Congo",
        "dial_code": "+242",
        "code": "CG",
        "local_format": "0xx xx xx xx"
    },
    {
        "name": "Congo, The Democratic Republic of the Congo",
        "dial_code": "+243",
        "code": "CD",
        "local_format": "0xx xxx xxxx"
    },
    {
        "name": "Cook Islands",
        "dial_code": "+682",
        "code": "CK",
        "local_format": "xx xxx"
    },
    {
        "name": "Costa Rica",
        "dial_code": "+506",
        "code": "CR",
        "local_format": "0xx xxxx xxxx"
    },
    {
        "name": "Croatia",
        "dial_code": "+385",
        "code": "HR",
        "local_format": "0xx xxxxxxx"
    },
    {
        "name": "Cuba",
        "dial_code": "+53",
        "code": "CU",
        "local_format": "0xx xxxxxxxx"
    },
    {
        "name": "Cyprus",
        "dial_code": "+357",
        "code": "CY",
        "local_format": "0xx xx xx xx"
    },
    {
        "name": "Czech Republic",
        "dial_code": "+420",
        "code": "CZ",
        "local_format": "0xx xxx xxxx"
    },
    {
        "name": "Denmark",
        "dial_code": "+45",
        "code": "DK",
        "local_format": "xx xx xx xx"
    },
    {
        "name": "Djibouti",
        "dial_code": "+253",
        "code": "DJ",
        "local_format": "0xx xx xx xx"
    },
    {
        "name": "Dominica",
        "dial_code": "+1 767",
        "code": "DM",
        "local_format": "xxx-xxxx"
    },
    {
        "name": "Dominican Republic",
        "dial_code": "+1 809, +1 829, +1 849",
        "code": "DO",
        "local_format": "xxx-xxxx"
    },
    {
        "name": "Ecuador",
        "dial_code": "+593",
        "code": "EC",
        "local_format": "0xx xxx xxxx"
    },
    {
        "name": "Egypt",
        "dial_code": "+20",
        "code": "EG",
        "local_format": "0xx xxx xxxx"
    },
    {
        "name": "El Salvador",
        "dial_code": "+503",
        "code": "SV",
        "local_format": "x-xxxx-xxxx"
    },
    {
        "name": "Equatorial Guinea",
        "dial_code": "+240",
        "code": "GQ",
        "local_format": "0xx xx xx xx"
    },
    {
        "name": "Eritrea",
        "dial_code": "+291",
        "code": "ER",
        "local_format": "0xx xxxxxxx"
    },
    {
        "name": "Estonia",
        "dial_code": "+372",
        "code": "EE",
        "local_format": "0xx xxxxxxx"
    },
    {
        "name": "Eswatini",
        "dial_code": "+268",
        "code": "SZ",
        "local_format": "0xx xxx xxxx"
    },
    {
        "name": "Ethiopia",
        "dial_code": "+251",
        "code": "ET",
        "local_format": "0xx xxxxxxxx"
    },
    {
        "name": "Falkland Islands (Malvinas)",
        "dial_code": "+500",
        "code": "FK",
        "local_format": "x xxxx"
    },
    {
        "name": "Faroe Islands",
        "dial_code": "+298",
        "code": "FO",
        "local_format": "xx xx xx"
    },
    {
        "name": "Fiji",
        "dial_code": "+679",
        "code": "FJ",
        "local_format": "0xx xxxxxxx"
    },
    {
        "name": "Finland",
        "dial_code": "+358",
        "code": "FI",
        "local_format": "0xx xxx xxxx"
    },
    {
        "name": "France",
        "dial_code": "+33",
        "code": "FR",
        "local_format": "0x xx xx xx xx"
    },
    {
        "name": "French Guiana",
        "dial_code": "+594",
        "code": "GF",
        "local_format": "0xx xx xx xx"
    },
    {
        "name": "French Polynesia",
        "dial_code": "+689",
        "code": "PF",
        "local_format": "xx xx xx xx"
    },
    {
        "name": "Gabon",
        "dial_code": "+241",
        "code": "GA",
        "local_format": "0xx xx xx xx"
    },
    {
        "name": "Gambia",
        "dial_code": "+220",
        "code": "GM",
        "local_format": "0xx xxxxx"
    },
    {
        "name": "Georgia",
        "dial_code": "+995",
        "code": "GE",
        "local_format": "0xx xxx xxxx"
    },
    {
        "name": "Germany",
        "dial_code": "+49",
        "code": "DE",
        "local_format": "0xx xxxxxxx"
    },
    {
        "name": "Ghana",
        "dial_code": "+233",
        "code": "GH",
        "local_format": "0xx xxx xxxx"
    },
    {
        "name": "Gibraltar",
        "dial_code": "+350",
        "code": "GI",
        "local_format": "xx xx xx xx
    },
    {
        "name": "Greece",
        "dial_code": "+30",
        "code": "GR",
        "local_format": "0XX XXX XXXX"
    },
    {
        "name": "Greenland",
        "dial_code": "+299",
        "code": "GL",
        "local_format": "XX XX XX"
    },
    {
        "name": "Grenada",
        "dial_code": "+1 473",
        "code": "GD",
        "local_format": "(473) XXX-XXXX"
    },
    {
        "name": "Guadeloupe",
        "dial_code": "+590",
        "code": "GP",
        "local_format": "0X XX XX XX XX"
    },
    {
        "name": "Guam",
        "dial_code": "+1 671",
        "code": "GU",
        "local_format": "(671) XXX-XXXX"
    },
    {
        "name": "Guatemala",
        "dial_code": "+502",
        "code": "GT",
        "local_format": "0X-XXXX-XXXX"
    },
    {
        "name": "Guernsey",
        "dial_code": "+44",
        "code": "GG",
        "local_format": "0XX XXX XXXX"
    },
    {
        "name": "Guinea",
        "dial_code": "+224",
        "code": "GN",
        "local_format": "0XX XXX XXX"
    },
    {
        "name": "Guinea-Bissau",
        "dial_code": "+245",
        "code": "GW",
        "local_format": "XX XX XX XX"
    },
    {
        "name": "Guyana",
        "dial_code": "+595",
        "code": "GY",
        "local_format": "(XXX) XXX-XXXX"
    },
    {
        "name": "Haiti",
        "dial_code": "+509",
        "code": "HT",
        "local_format": "0X XX XX XX"
    },
    {
        "name": "Holy See (Vatican City State)",
        "dial_code": "+379",
        "code": "VA",
        "local_format": "0XX XXX XXXX"
    },
    {
        "name": "Honduras",
        "dial_code": "+504",
        "code": "HN",
        "local_format": "0XX-XXXX-XXXX"
    },
    {
        "name": "Hong Kong",
        "dial_code": "+852",
        "code": "HK",
        "local_format": "XXXX XXXX"
    },
    {
        "name": "Hungary",
        "dial_code": "+36",
        "code": "HU",
        "local_format": "XX XXX XXX"
    },
    {
        "name": "Iceland",
        "dial_code": "+354",
        "code": "IS",
        "local_format": "XXX-XXXX"
    },
    {
        "name": "India",
        "dial_code": "+91",
        "code": "IN",
        "local_format": "0XXXX XXXXX"
    },
    {
        "name": "Indonesia",
        "dial_code": "+62",
        "code": "ID",
        "local_format": "0XX-XXXX-XXXX"
    },
    {
        "name": "Iran, Islamic Republic of Persian Gulf",
        "dial_code": "+98",
        "code": "IR",
        "local_format": "0XX-XXXX-XXXX"
    },
    {
        "name": "Iraq",
        "dial_code": "+964",
        "code": "IQ",
        "local_format": "0XX XXX XXXX"
    },
    {
        "name": "Ireland",
        "dial_code": "+353",
        "code": "IE",
        "local_format": "0X-XXXX-XXXX"
    },
    {
        "name": "Isle of Man",
        "dial_code": "+44",
        "code": "IM",
        "local_format": "0XX XXX XXXX"
    },
    {
        "name": "Israel",
        "dial_code": "+972",
        "code": "IL",
        "local_format": "0X-XXXX-XXXX"
    },
    {
        "name": "Italy",
        "dial_code": "+39",
        "code": "IT",
        "local_format": "0XX XXX XXXX"
    },
    {
        "name": "Jamaica",
        "dial_code": "+1 876",
        "code": "JM",
        "local_format": "(876) XXX-XXXX"
    },
    {
        "name": "Japan",
        "dial_code": "+81",
        "code": "JP",
        "local_format": "0X-XXXX-XXXX"
    },
    {
        "name": "Jersey",
        "dial_code": "+44",
        "code": "JE",
        "local_format": "0XX XXX XXXX"
    },
    {
        "name": "Jordan",
        "dial_code": "+962",
        "code": "JO",
        "local_format": "0X-XXXX-XXXX"
    },
    {
        "name": "Kazakhstan",
        "dial_code": "+7 7",
        "code": "KZ",
        "local_format": "0XX XXX XXXX"
    },
    {
        "name": "Kenya",
        "dial_code": "+254",
        "code": "KE",
        "local_format": "07X XXX XXX"
    },
    {
        "name": "Kiribati",
        "dial_code": "+686",
        "code": "KI",
        "local_format": "XX XXX"
    },
    {
        "name": "Korea, Democratic People's Republic of Korea",
        "dial_code": "+850",
        "code": "KP",
        "local_format": "0XX-XXXX-XXXX"
    },
    {
        "name": "Korea, Republic of South Korea",
        "dial_code": "+82",
        "code": "KR",
        "local_format": "0X-XXXX-XXXX"
    },
    {
        "name": "Kosovo",
        "dial_code": "+383",
        "code": "XK",
        "local_format": "0XX XXX XXX"
    },
    {
        "name": "Kuwait",
        "dial_code": "+965",
        "code": "KW",
        "local_format": "0XX XXX XXXX"
    },
    {
        "name": "Kyrgyzstan",
        "dial_code": "+996",
        "code": "KG",
        "local_format": "0XX XXX XXXX"
    },
    {
        "name": "Laos",
        "dial_code": "+856",
        "code": "LA",
        "local_format": "0X-XXXX-XXXX"
    },
    {
        "name": "Latvia",
        "dial_code": "+371",
        "code": "LV",
        "local_format": "0XX XXX XXXX"
    },
    {
        "name": "Lebanon",
        "dial_code": "+961",
        "code": "LB",
        "local_format": "0X-XXXX-XXXX"
    },
    {
        "name": "Lesotho",
        "dial_code": "+266",
        "code": "LS",
        "local_format": "0X XXX XXX"
    },
    {
        "name": "Liberia",
        "dial_code": "+231",
        "code": "LR",
        "phone_format": "(0) XX XXX XXX"
    },
    {
        "name": "Libyan Arab Jamahiriya",
        "dial_code": "+218",
        "code": "LY",
        "phone_format": "0XX XXX XXXX"
    },
    {
        "name": "Liechtenstein",
        "dial_code": "+423",
        "code": "LI",
        "phone_format": "0XX XXX XXX"
    },
    {
        "name": "Lithuania",
        "dial_code": "+370",
        "code": "LT",
        "phone_format": "+370 6XX XXX XX"
    },
    {
        "name": "Luxembourg",
        "dial_code": "+352",
        "code": "LU",
        "phone_format": "6XX XXX XXX"
    },
    {
        "name": "Macao",
        "dial_code": "+853",
        "code": "MO",
        "phone_format": "6XXXXXXX"
    },
    {
        "name": "Macedonia",
        "dial_code": "+389",
        "code": "MK",
        "phone_format": "07X XXX XXX"
    },
    {
        "name": "Madagascar",
        "dial_code": "+261",
        "code": "MG",
        "phone_format": "0XX XXX XXX"
    },
    {
        "name": "Malawi",
        "dial_code": "+265",
        "code": "MW",
        "phone_format": "0XX XXX XXX"
    },
    {
        "name": "Malaysia",
        "dial_code": "+60",
        "code": "MY",
        "phone_format": "01X-XXXXXXX"
    },
    {
        "name": "Maldives",
        "dial_code": "+960",
        "code": "MV",
        "phone_format": "7XX-XXXX"
    },
    {
        "name": "Mali",
        "dial_code": "+223",
        "code": "ML",
        "phone_format": "XX XX XX XX"
    },
    {
        "name": "Malta",
        "dial_code": "+356",
        "code": "MT",
        "phone_format": "79X XXX XXX"
    },
    {
        "name": "Marshall Islands",
        "dial_code": "+692",
        "code": "MH",
        "phone_format": "6XX-XXXX"
    },
    {
        "name": "Martinique",
        "dial_code": "+596",
        "code": "MQ",
        "phone_format": "0XX XX XX XX"
    },
    {
        "name": "Mauritania",
        "dial_code": "+222",
        "code": "MR",
        "phone_format": "0XX XXX XXX"
    },
    {
        "name": "Mauritius",
        "dial_code": "+230",
        "code": "MU",
        "phone_format": "0XX XXX XXX"
    },
    {
        "name": "Mayotte",
        "dial_code": "+262",
        "code": "YT",
        "phone_format": "0XX XXX XXX"
    },
    {
        "name": "Mexico",
        "dial_code": "+52",
        "code": "MX",
        "phone_format": "(0XX) XXX-XXXX"
    },
    {
        "name": "Micronesia, Federated States of Micronesia",
        "dial_code": "+691",
        "code": "FM",
        "phone_format": "7XX-XXXX"
    },
    {
        "name": "Moldova",
        "dial_code": "+373",
        "code": "MD",
        "phone_format": "0XX XXX XXX"
    },
    {
        "name": "Monaco",
        "dial_code": "+377",
        "code": "MC",
        "phone_format": "6 XX XX XX"
    },
    {
        "name": "Mongolia",
        "dial_code": "+976",
        "code": "MN",
        "phone_format": "0XX-XXXXXXX"
    },
    {
        "name": "Montenegro",
        "dial_code": "+382",
        "code": "ME",
        "phone_format": "0XX XXX XXX"
    },
    {
        "name": "Montserrat",
        "dial_code": "+1664",
        "code": "MS",
        "phone_format": "1-664-XXXXXXX"
    },
    {
        "name": "Morocco",
        "dial_code": "+212",
        "code": "MA",
        "phone_format": "0X XX XX XX XX"
    },
    {
        "name": "Mozambique",
        "dial_code": "+258",
        "code": "MZ",
        "phone_format": "8XX XXX XXX"
    },
    {
        "name": "Myanmar",
        "dial_code": "+95",
        "code": "MM",
        "phone_format": "09-XXXX-XXXX"
    },
    {
        "name": "Namibia",
        "dial_code": "+264",
        "code": "NA",
        "phone_format": "0XX XXX XXX"
    },
    {
        "name": "Nauru",
        "dial_code": "+674",
        "code": "NR",
        "phone_format": "4XX XXXX"
    },
    {
        "name": "Nepal",
        "dial_code": "+977",
        "code": "NP",
        "phone_format": "0XX-XXXXXXX"
    },
    {
        "name": "Netherlands",
        "dial_code": "+31",
        "code": "NL",
        "phone_format": "06-XXXX-XXXX"
    },
    {
        "name": "Netherlands Antilles",
        "dial_code": "+599",
        "code": "AN",
        "phone_format": "9XX-XXX-XXXX"
    },
    {
        "name": "New Caledonia",
        "dial_code": "+687",
        "code": "NC",
        "phone_format": "0X XX XX XX"
    },
    {
        "name": "New Zealand",
        "dial_code": "+64",
        "code": "NZ",
        "phone_format": "02X XXX XXXX"
    },
    {
        "name": "Nicaragua",
        "dial_code": "+505",
        "code": "NI",
        "phone_format": "8XX-XXXXXX"
    },
    {
        "name": "Niger",
        "dial_code": "+227",
        "code": "NE",
        "phone_format": "XX XX XX XX"
    },
    {
        "name": "Nigeria",
        "dial_code": "+234",
        "code": "NG",
        "phone_format": "0XX XXX XXXX"
    },
    {
        "name": "Niue",
        "dial_code": "+683",
        "code": "NU",
        "phone_format": "X XX XX XX"
    },
    {
        "name": "Norfolk Island",
        "dial_code": "+672",
        "code": "NF",
        "phone_format": "0X XXX XXX"
    },
    {
        "name": "Northern Mariana Islands",
        "dial_code": "+1 670",
        "code": "MP",
        "phone_format": "(670) XXX-XXXX"
    },
    {
        "name": "Norway",
        "dial_code": "+47",
        "code": "NO",
        "phone_format": "4X XX XX XX"
    },
    {
        "name": "Oman",
        "dial_code": "+968",
        "code": "OM",
        "phone_format": "9XX-XXXX"
    },
    {
        "name": "Pakistan",
        "dial_code": "+92",
        "code": "PK",
        "phone_format": "0XX-XXXXXXX"
    },
    {
        "name": "Palau",
        "dial_code": "+680",
        "code": "PW",
        "phone_format": "6XX-XXXX"
    },
    {
        "name": "Palestinian Territory, Occupied",
        "dial_code": "+970",
        "code": "PS",
        "phone_format": "0XX-XXXXXXX"
    },
    {
        "name": "Panama",
        "dial_code": "+507",
        "code": "PA",
        "phone_format": "6XX-XXXX"
    },
    {
        "name": "Papua New Guinea",
        "dial_code": "+675",
        "code": "PG",
        "phone_format": "7XX XXX XXX"
    },
    {
        "name": "Paraguay",
        "dial_code": "+595",
        "code": "PY",
        "phone_format": "(0XX) XXX-XXXX"
    },
    {
        "name": "Peru",
        "dial_code": "+51",
        "code": "PE",
        "phone_format": "(0XX) XXX-XXXX"
    },
    {
        "name": "Philippines",
        "dial_code": "+63",
        "code": "PH",
        "phone_format": "0XX-XXXX-XXXX"
    },
    {
        "name": "Pitcairn",
        "dial_code": "+872",
        "code": "PN",
        "phone_format": "1-3XX-XXXX"
    },
    {
        "name": "Poland",
        "dial_code": "+48",
        "code": "PL",
        "phone_format": "6XX XXX XXX"
    },
    {
        "name": "Portugal",
        "dial_code": "+351",
        "code": "PT",
        "phone_format": "9XX XXX XXX"
    },
    {
        "name": "Puerto Rico",
        "dial_code": "+1 787",
        "code": "PR",
        "phone_format": "(787) XXX-XXXX"
    },
    {
        "name": "Qatar",
        "dial_code": "+974",
        "code": "QA",
        "phone_format": "3XX-XXXX"
    },
    {
        "name": "Romania",
        "dial_code": "+40",
        "code": "RO",
        "phone_format": "07X XXX XXX"
    },
    {
        "name": "Russian Federation",
        "dial_code": "+7",
        "code": "RU",
        "phone_format": "9XX XXX XXXX"
    },
    {
        "name": "Rwanda",
        "dial_code": "+250",
        "code": "RW",
        "phone_format": "0XX XXX XXX"
    },
    {
        "name": "Saint Barthélemy",
        "dial_code": "+590",
        "code": "BL",
        "phone_format": "0X XX XX XX"
    },
    {
        "name": "Saint Helena, Ascension and Tristan da Cunha",
        "dial_code": "+290",
        "code": "SH",
        "phone_format": "0XX XX XX"
    },
    {
        "name": "Saint Kitts and Nevis",
        "dial_code": "+1 869",
        "code": "KN",
        "phone_format": "(869) XXX-XXXX"
    },
    {
        "name": "Saint Lucia",
        "dial_code": "+1 758",
        "code": "LC",
        "phone_format": "(758) XXX-XXXX"
    },
    {
        "name": "Saint Martin (French part)",
        "dial_code": "+590",
        "code": "MF",
        "phone_format": "0X XX XX XX"
    },
    {
        "name": "Saint Pierre and Miquelon",
        "dial_code": "+508",
        "code": "PM",
        "phone_format": "0X XX XX XX"
    },
    {
        "name": "Saint Vincent and the Grenadines",
        "dial_code": "+1 784",
        "code": "VC",
        "phone_format": "(784) XXX-XXXX"
    },
    {
        "name": "Samoa",
        "dial_code": "+685",
        "code": "WS",
        "phone_format": "7XX XXX"
    },
    {
        "name": "San Marino",
        "dial_code": "+378",
        "code": "SM",
        "phone_format": "0XX XXX XXX"
    },
    {
        "name": "Sao Tome and Principe",
        "dial_code": "+239",
        "code": "ST",
        "phone_format": "9XX XXX XXX"
    },
    {
        "name": "Saudi Arabia",
        "dial_code": "+966",
        "code": "SA",
        "phone_format": "5XX XXX XXX"
    },
    {
        "name": "Senegal",
        "dial_code": "+221",
        "code": "SN",
        "phone_format": "77X XXX XXX"
    },
    {
        "name": "Serbia",
        "dial_code": "+381",
        "code": "RS",
        "phone_format": "06X XXX XXX"
    },
    {
        "name": "Seychelles",
        "dial_code": "+248",
        "code": "SC",
        "phone_format": "7XX XXX"
    },
    {
        "name": "Sierra Leone",
        "dial_code": "+232",
        "code": "SL",
        "phone_format": "0XX XXX XXX"
    },
    {
        "name": "Singapore",
        "dial_code": "+65",
        "code": "SG",
        "phone_format": "8XXXXXXX"
    },
    {
        "name": "Slovakia",
        "dial_code": "+421",
        "code": "SK",
        "phone_format": "0XX XXX XXX"
    },
    {
        "name": "Slovenia",
        "dial_code": "+386",
        "code": "SI",
        "phone_format": "0X XXX XXX"
    },
    {
        "name": "Solomon Islands",
        "dial_code": "+677",
        "code": "SB",
        "phone_format": "7XX XXXX"
    },
    {
        "name": "Somalia",
        "dial_code": "+252",
        "code": "SO",
        "phone_format": "0X XXX XXXX"
    },
    {
        "name": "South Africa",
        "dial_code": "+27",
        "code": "ZA",
        "phone_format": "0X XXX XXXX"
    },
    {
        "name": "South Korea",
        "dial_code": "+82",
        "code": "KR",
        "phone_format": "010-XXXX-XXXX"
    },
    {
        "name": "South Sudan",
        "dial_code": "+211",
        "code": "SS",
        "phone_format": "0X XXX XXXX"
    },
    {
        "name": "Spain",
        "dial_code": "+34",
        "code": "ES",
        "phone_format": "6XX XXX XXX"
    },
    {
        "name": "Sri Lanka",
        "dial_code": "+94",
        "code": "LK",
        "phone_format": "0XX-XXX-XXXX"
    },
    {
        "name": "Sudan",
        "dial_code": "+249",
        "code": "SD",
        "phone_format": "0X XXX XXXX"
    },
    {
        "name": "Suriname",
        "dial_code": "+597",
        "code": "SR",
        "phone_format": "0XX XXX XXX"
    },
    {
        "name": "Svalbard and Jan Mayen",
        "dial_code": "+47",
        "code": "SJ",
        "phone_format": "4X XX XX XX"
    },
    {
        "name": "Sweden",
        "dial_code": "+46",
        "code": "SE",
        "phone_format": "7X XX XX XX"
    },
    {
        "name": "Switzerland",
        "dial_code": "+41",
        "code": "CH",
        "phone_format": "07X XXX XX XX"
    },
    {
        "name": "Syrian Arab Republic",
        "dial_code": "+963",
        "code": "SY",
        "phone_format": "0X XXX XXXX"
    },
    {
        "name": "Taiwan",
        "dial_code": "+886",
        "code": "TW",
        "phone_format": "(0X) XXX-XXXX"
    },
    {
        "name": "Tajikistan",
        "dial_code": "+992",
        "code": "TJ",
        "phone_format": "9XX XXX XXX"
    },
    {
        "name": "Tanzania",
        "dial_code": "+255",
        "code": "TZ",
        "phone_format": "0XX XXX XXX"
    },
    {
        "name": "Thailand",
        "dial_code": "+66",
        "code": "TH",
        "phone_format": "0XX-XXXX-XXXX"
    },
    {
        "name": "Timor-Leste",
        "dial_code": "+670",
        "code": "TL",
        "phone_format": "7XX XXXX"
    },
    {
        "name": "Togo",
        "dial_code": "+228",
        "code": "TG",
        "phone_format": "0X XX XX XX XX"
    },
    {
        "name": "Tokelau",
        "dial_code": "+690",
        "code": "TK",
        "phone_format": "3XX XXXX"
    },
    {
        "name": "Tonga",
        "dial_code": "+676",
        "code": "TO",
        "phone_format": "7XX XXX"
    },
    {
        "name": "Trinidad and Tobago",
        "dial_code": "+1 868",
        "code": "TT",
        "phone_format": "(868) XXX-XXXX"
    },
    {
        "name": "Tunisia",
        "dial_code": "+216",
        "code": "TN",
        "phone_format": "2XX XXX XXX"
    },
    {
        "name": "Turkey",
        "dial_code": "+90",
        "code": "TR",
        "phone_format": "05X XXX XX XX"
    },
    {
        "name": "Turkmenistan",
        "dial_code": "+993",
        "code": "TM",
        "phone_format": "6X XXX XXXX"
    },
    {
        "name": "Turks and Caicos Islands",
        "dial_code": "+1 649",
        "code": "TC",
        "phone_format": "(649) XXX-XXXX"
    },
    {
        "name": "Tuvalu",
        "dial_code": "+688",
        "code": "TV",
        "phone_format": "7XX XXXX"
    },
    {
        "name": "Uganda",
        "dial_code": "+256",
        "code": "UG",
        "phone_format": "0XX XXX XXX"
    },
    {
        "name": "Ukraine",
        "dial_code": "+380",
        "code": "UA",
        "phone_format": "0XX XXX XXXX"
    },
    {
        "name": "United Arab Emirates",
        "dial_code": "+971",
        "code": "AE",
        "phone_format": "5XX XXX XXX"
    },
    {
        "name": "United Kingdom",
        "dial_code": "+44",
        "code": "GB",
        "phone_format": "7XXX XXXXXX"
    },
    {
        "name": "United States",
        "dial_code": "+1",
        "code": "US",
        "phone_format": "(XXX) XXX-XXXX"
    },
    {
        "name": "Uruguay",
        "dial_code": "+598",
        "code": "UY",
        "phone_format": "0X XXX XXXX"
    },
    {
        "name": "Uzbekistan",
        "dial_code": "+998",
        "code": "UZ",
        "phone_format": "9XX XXX XXXX"
    },
    {
        "name": "Vanuatu",
        "dial_code": "+678",
        "code": "VU",
        "phone_format": "5XX XXXX"
    },
    {
        "name": "Venezuela",
        "dial_code": "+58",
        "code": "VE",
        "phone_format": "0XX-XXXX-XXXX"
    },
    {
        "name": "Viet Nam",
        "dial_code": "+84",
        "code": "VN",
        "phone_format": "0X XXX XXXX"
    },
    {
        "name": "Wallis and Futuna",
        "dial_code": "+681",
        "code": "WF",
        "phone_format": "7XX XX XX"
    },
    {
        "name": "Western Sahara",
        "dial_code": "+212",
        "code": "EH",
        "phone_format": "0XX XXX XXX"
    },
    {
        "name": "Yemen",
        "dial_code": "+967",
        "code": "YE",
        "phone_format": "0X XXX XXXX"
    },
    {
        "name": "Zambia",
        "dial_code": "+260",
        "code": "ZM",
        "phone_format": "0XX XXX XXX"
    },
    {
        "name": "Zimbabwe",
        "dial_code": "+263",
        "code": "ZW",
        "phone_format": "0XX XXX XXX"
    }
]
